timestamp;buyer;seller;symbol;currency;price;quantity
0;;;ASH_COATED_OSMIUM;XIRECS;9995;6
3600;;;ASH_COATED_OSMIUM;XIRECS;10009;3
4200;;;ASH_COATED_OSMIUM;XIRECS;10011;2
4400;;;INTARIAN_PEPPER_ROOT;XIRECS;12011;5
4800;;;INTARIAN_PEPPER_ROOT;XIRECS;12008;3
5000;;;INTARIAN_PEPPER_ROOT;XIRECS;11998;5
9100;;;ASH_COATED_OSMIUM;XIRECS;9998;4
9600;;;ASH_COATED_OSMIUM;XIRECS;9993;6
10000;;;ASH_COATED_OSMIUM;XIRECS;9994;8
12100;;;ASH_COATED_OSMIUM;XIRECS;9994;5
14000;;;ASH_COATED_OSMIUM;XIRECS;10011;3
15100;;;ASH_COATED_OSMIUM;XIRECS;10010;2
15100;;;ASH_COATED_OSMIUM;XIRECS;10010;8
17400;;;INTARIAN_PEPPER_ROOT;XIRECS;12013;3
18500;;;ASH_COATED_OSMIUM;XIRECS;10010;6
23000;;;INTARIAN_PEPPER_ROOT;XIRECS;12016;4
23100;;;INTARIAN_PEPPER_ROOT;XIRECS;12019;4
23900;;;ASH_COATED_OSMIUM;XIRECS;9990;4
24300;;;ASH_COATED_OSMIUM;XIRECS;9993;4
24600;;;ASH_COATED_OSMIUM;XIRECS;9992;3
30400;;;ASH_COATED_OSMIUM;XIRECS;10009;2
30400;;;INTARIAN_PEPPER_ROOT;XIRECS;12037;6
32800;;;ASH_COATED_OSMIUM;XIRECS;9992;4
34000;;;ASH_COATED_OSMIUM;XIRECS;10010;7
34400;;;INTARIAN_PEPPER_ROOT;XIRECS;12041;3
34500;;;ASH_COATED_OSMIUM;XIRECS;9993;8
35700;;;INTARIAN_PEPPER_ROOT;XIRECS;12045;7
35700;;;INTARIAN_PEPPER_ROOT;XIRECS;12039;3
35800;;;INTARIAN_PEPPER_ROOT;XIRECS;12032;7
36500;;;ASH_COATED_OSMIUM;XIRECS;10010;3
37900;;;ASH_COATED_OSMIUM;XIRECS;9990;4
38400;;;ASH_COATED_OSMIUM;XIRECS;10009;3
38500;;;INTARIAN_PEPPER_ROOT;XIRECS;12032;5
39100;;;ASH_COATED_OSMIUM;XIRECS;10009;6
39900;;;ASH_COATED_OSMIUM;XIRECS;10010;7
41500;;;ASH_COATED_OSMIUM;XIRECS;10009;5
42800;;;INTARIAN_PEPPER_ROOT;XIRECS;12049;5
44700;;;INTARIAN_PEPPER_ROOT;XIRECS;12041;8
50900;;;ASH_COATED_OSMIUM;XIRECS;9990;5
51400;;;INTARIAN_PEPPER_ROOT;XIRECS;12045;4
52600;;;INTARIAN_PEPPER_ROOT;XIRECS;12056;8
54600;;;ASH_COATED_OSMIUM;XIRECS;9988;6
57000;;;INTARIAN_PEPPER_ROOT;XIRECS;12067;4
58400;;;ASH_COATED_OSMIUM;XIRECS;9987;3
59500;;;ASH_COATED_OSMIUM;XIRECS;10002;2
62000;;;ASH_COATED_OSMIUM;XIRECS;10005;6
63700;;;ASH_COATED_OSMIUM;XIRECS;9989;2
64300;;;INTARIAN_PEPPER_ROOT;XIRECS;12060;3
64900;;;ASH_COATED_OSMIUM;XIRECS;10004;4
65300;;;ASH_COATED_OSMIUM;XIRECS;9985;2
67600;;;INTARIAN_PEPPER_ROOT;XIRECS;12071;4
68000;;;ASH_COATED_OSMIUM;XIRECS;10005;3
70400;;;INTARIAN_PEPPER_ROOT;XIRECS;12074;5
71500;;;INTARIAN_PEPPER_ROOT;XIRECS;12067;4
73700;;;INTARIAN_PEPPER_ROOT;XIRECS;12067;4
76300;;;ASH_COATED_OSMIUM;XIRECS;9993;6
76500;;;ASH_COATED_OSMIUM;XIRECS;10012;8
77200;;;INTARIAN_PEPPER_ROOT;XIRECS;12071;3
80200;;;INTARIAN_PEPPER_ROOT;XIRECS;12074;5
83700;;;ASH_COATED_OSMIUM;XIRECS;10005;2
84400;;;INTARIAN_PEPPER_ROOT;XIRECS;12088;5
84600;;;INTARIAN_PEPPER_ROOT;XIRECS;12091;6
84800;;;INTARIAN_PEPPER_ROOT;XIRECS;12088;5
85500;;;ASH_COATED_OSMIUM;XIRECS;9988;7
85700;;;ASH_COATED_OSMIUM;XIRECS;9995;3
85900;;;ASH_COATED_OSMIUM;XIRECS;9986;5
87400;;;INTARIAN_PEPPER_ROOT;XIRECS;12081;3
87900;;;ASH_COATED_OSMIUM;XIRECS;9992;5
88300;;;ASH_COATED_OSMIUM;XIRECS;10011;2
90200;;;ASH_COATED_OSMIUM;XIRECS;10011;10
90700;;;ASH_COATED_OSMIUM;XIRECS;10011;2
90800;;;ASH_COATED_OSMIUM;XIRECS;9995;6
91700;;;INTARIAN_PEPPER_ROOT;XIRECS;12088;8
92500;;;INTARIAN_PEPPER_ROOT;XIRECS;12099;7
95900;;;ASH_COATED_OSMIUM;XIRECS;10008;3
96900;;;ASH_COATED_OSMIUM;XIRECS;10007;6
96900;;;ASH_COATED_OSMIUM;XIRECS;10007;8
97200;;;INTARIAN_PEPPER_ROOT;XIRECS;12104;7
105900;;;ASH_COATED_OSMIUM;XIRECS;10013;5
107000;;;INTARIAN_PEPPER_ROOT;XIRECS;12114;7
107200;;;ASH_COATED_OSMIUM;XIRECS;9995;3
108800;;;INTARIAN_PEPPER_ROOT;XIRECS;12112;3
109800;;;INTARIAN_PEPPER_ROOT;XIRECS;12116;4
109800;;;INTARIAN_PEPPER_ROOT;XIRECS;12113;3
111600;;;ASH_COATED_OSMIUM;XIRECS;9993;5
114700;;;ASH_COATED_OSMIUM;XIRECS;9995;3
116100;;;ASH_COATED_OSMIUM;XIRECS;9993;8
117500;;;INTARIAN_PEPPER_ROOT;XIRECS;12111;6
120100;;;INTARIAN_PEPPER_ROOT;XIRECS;12127;4
122000;;;ASH_COATED_OSMIUM;XIRECS;10012;10
122300;;;ASH_COATED_OSMIUM;XIRECS;10012;5
122400;;;INTARIAN_PEPPER_ROOT;XIRECS;12129;7
124500;;;ASH_COATED_OSMIUM;XIRECS;9992;2
126400;;;ASH_COATED_OSMIUM;XIRECS;9993;6
126500;;;ASH_COATED_OSMIUM;XIRECS;9993;6
127800;;;ASH_COATED_OSMIUM;XIRECS;10012;2
127800;;;INTARIAN_PEPPER_ROOT;XIRECS;12121;3
129500;;;INTARIAN_PEPPER_ROOT;XIRECS;12136;3
130300;;;ASH_COATED_OSMIUM;XIRECS;10011;2
131000;;;ASH_COATED_OSMIUM;XIRECS;10008;9
131100;;;INTARIAN_PEPPER_ROOT;XIRECS;12138;4
131400;;;ASH_COATED_OSMIUM;XIRECS;10009;2
132300;;;INTARIAN_PEPPER_ROOT;XIRECS;12126;3
137700;;;ASH_COATED_OSMIUM;XIRECS;10012;3
138000;;;INTARIAN_PEPPER_ROOT;XIRECS;12131;4
138700;;;INTARIAN_PEPPER_ROOT;XIRECS;12142;3
139400;;;ASH_COATED_OSMIUM;XIRECS;9995;6
139400;;;ASH_COATED_OSMIUM;XIRECS;9995;5
141900;;;INTARIAN_PEPPER_ROOT;XIRECS;12135;4
142000;;;ASH_COATED_OSMIUM;XIRECS;9994;2
142200;;;ASH_COATED_OSMIUM;XIRECS;9994;6
142300;;;INTARIAN_PEPPER_ROOT;XIRECS;12145;6
146700;;;ASH_COATED_OSMIUM;XIRECS;10010;6
148200;;;INTARIAN_PEPPER_ROOT;XIRECS;12142;7
149500;;;ASH_COATED_OSMIUM;XIRECS;10012;9
153200;;;ASH_COATED_OSMIUM;XIRECS;9996;5
154600;;;ASH_COATED_OSMIUM;XIRECS;9995;2
155300;;;ASH_COATED_OSMIUM;XIRECS;10012;10
155500;;;ASH_COATED_OSMIUM;XIRECS;10012;6
155700;;;ASH_COATED_OSMIUM;XIRECS;10015;7
155800;;;ASH_COATED_OSMIUM;XIRECS;9997;5
158200;;;ASH_COATED_OSMIUM;XIRECS;9998;5
164100;;;INTARIAN_PEPPER_ROOT;XIRECS;12167;5
164200;;;INTARIAN_PEPPER_ROOT;XIRECS;12160;7
165300;;;ASH_COATED_OSMIUM;XIRECS;9998;5
170300;;;INTARIAN_PEPPER_ROOT;XIRECS;12177;7
170500;;;INTARIAN_PEPPER_ROOT;XIRECS;12174;7
172700;;;ASH_COATED_OSMIUM;XIRECS;10015;4
173100;;;ASH_COATED_OSMIUM;XIRECS;10009;2
177700;;;ASH_COATED_OSMIUM;XIRECS;9998;10
177900;;;INTARIAN_PEPPER_ROOT;XIRECS;12171;5
181600;;;ASH_COATED_OSMIUM;XIRECS;9999;2
182700;;;ASH_COATED_OSMIUM;XIRECS;9998;5
184700;;;ASH_COATED_OSMIUM;XIRECS;10008;5
184800;;;ASH_COATED_OSMIUM;XIRECS;9999;4
185500;;;INTARIAN_PEPPER_ROOT;XIRECS;12189;5
185900;;;ASH_COATED_OSMIUM;XIRECS;10000;10
186800;;;ASH_COATED_OSMIUM;XIRECS;9999;4
190400;;;ASH_COATED_OSMIUM;XIRECS;10012;3
191800;;;INTARIAN_PEPPER_ROOT;XIRECS;12182;4
192600;;;ASH_COATED_OSMIUM;XIRECS;9997;8
192900;;;ASH_COATED_OSMIUM;XIRECS;10013;10
194900;;;INTARIAN_PEPPER_ROOT;XIRECS;12191;6
197300;;;ASH_COATED_OSMIUM;XIRECS;9997;9
198600;;;INTARIAN_PEPPER_ROOT;XIRECS;12192;5
199400;;;INTARIAN_PEPPER_ROOT;XIRECS;12206;5
200100;;;ASH_COATED_OSMIUM;XIRECS;9997;6
200300;;;ASH_COATED_OSMIUM;XIRECS;9998;10
200400;;;ASH_COATED_OSMIUM;XIRECS;10014;2
200600;;;ASH_COATED_OSMIUM;XIRECS;10013;2
200700;;;ASH_COATED_OSMIUM;XIRECS;10012;8
201700;;;ASH_COATED_OSMIUM;XIRECS;9994;4
204000;;;INTARIAN_PEPPER_ROOT;XIRECS;12211;7
204600;;;INTARIAN_PEPPER_ROOT;XIRECS;12198;5
205600;;;ASH_COATED_OSMIUM;XIRECS;9991;2
206600;;;ASH_COATED_OSMIUM;XIRECS;9993;7
207500;;;INTARIAN_PEPPER_ROOT;XIRECS;12214;3
208900;;;ASH_COATED_OSMIUM;XIRECS;9988;10
210000;;;ASH_COATED_OSMIUM;XIRECS;9987;4
212100;;;INTARIAN_PEPPER_ROOT;XIRECS;12215;4
212700;;;ASH_COATED_OSMIUM;XIRECS;9987;6
215000;;;INTARIAN_PEPPER_ROOT;XIRECS;12225;7
217000;;;INTARIAN_PEPPER_ROOT;XIRECS;12224;5
220600;;;INTARIAN_PEPPER_ROOT;XIRECS;12216;4
222900;;;ASH_COATED_OSMIUM;XIRECS;10011;2
224300;;;INTARIAN_PEPPER_ROOT;XIRECS;12231;3
224800;;;ASH_COATED_OSMIUM;XIRECS;10008;5
224900;;;ASH_COATED_OSMIUM;XIRECS;10008;7
225000;;;INTARIAN_PEPPER_ROOT;XIRECS;12218;7
226200;;;ASH_COATED_OSMIUM;XIRECS;9989;6
227600;;;ASH_COATED_OSMIUM;XIRECS;9990;5
228000;;;ASH_COATED_OSMIUM;XIRECS;9990;5
229200;;;ASH_COATED_OSMIUM;XIRECS;10001;2
229600;;;ASH_COATED_OSMIUM;XIRECS;10011;5
234600;;;INTARIAN_PEPPER_ROOT;XIRECS;12241;4
235600;;;ASH_COATED_OSMIUM;XIRECS;9989;8
236100;;;ASH_COATED_OSMIUM;XIRECS;9989;4
236500;;;ASH_COATED_OSMIUM;XIRECS;9989;2
236600;;;ASH_COATED_OSMIUM;XIRECS;9990;4
237000;;;ASH_COATED_OSMIUM;XIRECS;10005;5
237100;;;ASH_COATED_OSMIUM;XIRECS;9987;3
237500;;;INTARIAN_PEPPER_ROOT;XIRECS;12244;4
239700;;;INTARIAN_PEPPER_ROOT;XIRECS;12246;7
241700;;;ASH_COATED_OSMIUM;XIRECS;9988;7
242000;;;INTARIAN_PEPPER_ROOT;XIRECS;12249;7
242800;;;ASH_COATED_OSMIUM;XIRECS;10003;5
243200;;;ASH_COATED_OSMIUM;XIRECS;10003;6
243500;;;INTARIAN_PEPPER_ROOT;XIRECS;12247;4
243700;;;ASH_COATED_OSMIUM;XIRECS;10006;6
246200;;;ASH_COATED_OSMIUM;XIRECS;9986;9
247600;;;ASH_COATED_OSMIUM;XIRECS;9985;6
248700;;;INTARIAN_PEPPER_ROOT;XIRECS;12242;4
251700;;;ASH_COATED_OSMIUM;XIRECS;9985;4
252300;;;ASH_COATED_OSMIUM;XIRECS;10001;5
252400;;;ASH_COATED_OSMIUM;XIRECS;10004;7
258300;;;ASH_COATED_OSMIUM;XIRECS;10003;9
258400;;;ASH_COATED_OSMIUM;XIRECS;10004;4
259400;;;ASH_COATED_OSMIUM;XIRECS;9989;8
260100;;;INTARIAN_PEPPER_ROOT;XIRECS;12267;5
260500;;;ASH_COATED_OSMIUM;XIRECS;10008;7
260600;;;ASH_COATED_OSMIUM;XIRECS;10006;2
261300;;;ASH_COATED_OSMIUM;XIRECS;9988;2
264100;;;INTARIAN_PEPPER_ROOT;XIRECS;12254;7
265000;;;ASH_COATED_OSMIUM;XIRECS;9991;8
267000;;;ASH_COATED_OSMIUM;XIRECS;9993;9
267500;;;INTARIAN_PEPPER_ROOT;XIRECS;12261;3
268800;;;ASH_COATED_OSMIUM;XIRECS;10012;6
269400;;;ASH_COATED_OSMIUM;XIRECS;9993;4
270400;;;ASH_COATED_OSMIUM;XIRECS;10011;2
270700;;;INTARIAN_PEPPER_ROOT;XIRECS;12277;6
271100;;;INTARIAN_PEPPER_ROOT;XIRECS;12267;3
271800;;;ASH_COATED_OSMIUM;XIRECS;10011;5
272800;;;ASH_COATED_OSMIUM;XIRECS;10012;6
274100;;;INTARIAN_PEPPER_ROOT;XIRECS;12270;6
275600;;;ASH_COATED_OSMIUM;XIRECS;10011;4
280900;;;ASH_COATED_OSMIUM;XIRECS;9994;2
282500;;;ASH_COATED_OSMIUM;XIRECS;9994;4
282600;;;INTARIAN_PEPPER_ROOT;XIRECS;12286;6
282700;;;ASH_COATED_OSMIUM;XIRECS;10004;3
291400;;;ASH_COATED_OSMIUM;XIRECS;9994;3
295500;;;ASH_COATED_OSMIUM;XIRECS;10009;8
297000;;;ASH_COATED_OSMIUM;XIRECS;10010;9
297300;;;ASH_COATED_OSMIUM;XIRECS;10011;3
299500;;;ASH_COATED_OSMIUM;XIRECS;9993;2
300000;;;INTARIAN_PEPPER_ROOT;XIRECS;12307;7
301400;;;INTARIAN_PEPPER_ROOT;XIRECS;12311;7
301600;;;ASH_COATED_OSMIUM;XIRECS;9994;9
302800;;;ASH_COATED_OSMIUM;XIRECS;10003;2
306000;;;INTARIAN_PEPPER_ROOT;XIRECS;12309;5
306200;;;ASH_COATED_OSMIUM;XIRECS;9994;6
306500;;;ASH_COATED_OSMIUM;XIRECS;10010;5
307600;;;ASH_COATED_OSMIUM;XIRECS;9994;5
310000;;;ASH_COATED_OSMIUM;XIRECS;10008;9
310900;;;ASH_COATED_OSMIUM;XIRECS;10009;6
311200;;;INTARIAN_PEPPER_ROOT;XIRECS;12301;3
313100;;;ASH_COATED_OSMIUM;XIRECS;9995;2
313600;;;ASH_COATED_OSMIUM;XIRECS;10012;3
314400;;;INTARIAN_PEPPER_ROOT;XIRECS;12321;6
320900;;;ASH_COATED_OSMIUM;XIRECS;10016;6
323500;;;ASH_COATED_OSMIUM;XIRECS;9994;6
324600;;;ASH_COATED_OSMIUM;XIRECS;9993;2
325000;;;ASH_COATED_OSMIUM;XIRECS;10009;5
327400;;;INTARIAN_PEPPER_ROOT;XIRECS;12321;6
327600;;;INTARIAN_PEPPER_ROOT;XIRECS;12334;3
329000;;;ASH_COATED_OSMIUM;XIRECS;9993;9
330600;;;ASH_COATED_OSMIUM;XIRECS;9994;2
331500;;;INTARIAN_PEPPER_ROOT;XIRECS;12325;3
331800;;;ASH_COATED_OSMIUM;XIRECS;10011;8
332800;;;ASH_COATED_OSMIUM;XIRECS;10010;5
333200;;;INTARIAN_PEPPER_ROOT;XIRECS;12343;7
334400;;;INTARIAN_PEPPER_ROOT;XIRECS;12341;3
334700;;;INTARIAN_PEPPER_ROOT;XIRECS;12328;3
335300;;;INTARIAN_PEPPER_ROOT;XIRECS;12342;3
335400;;;INTARIAN_PEPPER_ROOT;XIRECS;12339;6
335800;;;ASH_COATED_OSMIUM;XIRECS;9994;6
336000;;;ASH_COATED_OSMIUM;XIRECS;9995;6
336400;;;ASH_COATED_OSMIUM;XIRECS;10012;9
336500;;;INTARIAN_PEPPER_ROOT;XIRECS;12343;6
336800;;;ASH_COATED_OSMIUM;XIRECS;9994;4
336800;;;INTARIAN_PEPPER_ROOT;XIRECS;12333;5
337200;;;ASH_COATED_OSMIUM;XIRECS;9993;6
337300;;;ASH_COATED_OSMIUM;XIRECS;9995;7
337400;;;INTARIAN_PEPPER_ROOT;XIRECS;12328;7
340700;;;ASH_COATED_OSMIUM;XIRECS;10009;2
341200;;;ASH_COATED_OSMIUM;XIRECS;9994;2
344000;;;INTARIAN_PEPPER_ROOT;XIRECS;12340;3
344200;;;ASH_COATED_OSMIUM;XIRECS;9996;4
345800;;;ASH_COATED_OSMIUM;XIRECS;9996;3
346200;;;ASH_COATED_OSMIUM;XIRECS;9995;4
349400;;;ASH_COATED_OSMIUM;XIRECS;10009;4
350400;;;ASH_COATED_OSMIUM;XIRECS;10008;5
350900;;;INTARIAN_PEPPER_ROOT;XIRECS;12358;4
351800;;;ASH_COATED_OSMIUM;XIRECS;10010;5
351900;;;INTARIAN_PEPPER_ROOT;XIRECS;12345;7
352300;;;INTARIAN_PEPPER_ROOT;XIRECS;12356;8
352500;;;INTARIAN_PEPPER_ROOT;XIRECS;12359;6
353000;;;ASH_COATED_OSMIUM;XIRECS;9993;5
354000;;;INTARIAN_PEPPER_ROOT;XIRECS;12361;6
356700;;;ASH_COATED_OSMIUM;XIRECS;10011;9
356800;;;INTARIAN_PEPPER_ROOT;XIRECS;12350;6
357500;;;ASH_COATED_OSMIUM;XIRECS;9996;3
358000;;;INTARIAN_PEPPER_ROOT;XIRECS;12351;3
358400;;;ASH_COATED_OSMIUM;XIRECS;10011;3
359300;;;ASH_COATED_OSMIUM;XIRECS;9995;4
360800;;;INTARIAN_PEPPER_ROOT;XIRECS;12367;5
361400;;;ASH_COATED_OSMIUM;XIRECS;9994;6
361600;;;INTARIAN_PEPPER_ROOT;XIRECS;12357;5
363200;;;ASH_COATED_OSMIUM;XIRECS;10010;2
365300;;;ASH_COATED_OSMIUM;XIRECS;9994;3
365400;;;INTARIAN_PEPPER_ROOT;XIRECS;12361;7
367300;;;INTARIAN_PEPPER_ROOT;XIRECS;12361;5
370900;;;INTARIAN_PEPPER_ROOT;XIRECS;12378;4
371200;;;INTARIAN_PEPPER_ROOT;XIRECS;12365;3
372300;;;INTARIAN_PEPPER_ROOT;XIRECS;12368;6
374600;;;INTARIAN_PEPPER_ROOT;XIRECS;12381;3
375300;;;ASH_COATED_OSMIUM;XIRECS;9995;4
375400;;;ASH_COATED_OSMIUM;XIRECS;10010;3
376700;;;INTARIAN_PEPPER_ROOT;XIRECS;12372;7
377400;;;ASH_COATED_OSMIUM;XIRECS;9994;4
380800;;;INTARIAN_PEPPER_ROOT;XIRECS;12387;3
380900;;;ASH_COATED_OSMIUM;XIRECS;9995;8
381000;;;ASH_COATED_OSMIUM;XIRECS;10010;2
383000;;;ASH_COATED_OSMIUM;XIRECS;10009;6
384000;;;ASH_COATED_OSMIUM;XIRECS;9990;4
389800;;;ASH_COATED_OSMIUM;XIRECS;10009;10
389900;;;ASH_COATED_OSMIUM;XIRECS;9990;7
390400;;;ASH_COATED_OSMIUM;XIRECS;9993;9
391100;;;ASH_COATED_OSMIUM;XIRECS;9992;4
392300;;;ASH_COATED_OSMIUM;XIRECS;10010;5
399100;;;INTARIAN_PEPPER_ROOT;XIRECS;12392;3
401000;;;INTARIAN_PEPPER_ROOT;XIRECS;12397;8
401700;;;ASH_COATED_OSMIUM;XIRECS;10012;9
402400;;;ASH_COATED_OSMIUM;XIRECS;9994;5
405200;;;ASH_COATED_OSMIUM;XIRECS;9992;2
407400;;;ASH_COATED_OSMIUM;XIRECS;10010;8
412600;;;ASH_COATED_OSMIUM;XIRECS;9992;4
414000;;;ASH_COATED_OSMIUM;XIRECS;10010;6
415200;;;INTARIAN_PEPPER_ROOT;XIRECS;12425;6
415800;;;ASH_COATED_OSMIUM;XIRECS;9994;6
416100;;;ASH_COATED_OSMIUM;XIRECS;9994;2
419000;;;INTARIAN_PEPPER_ROOT;XIRECS;12412;6
419200;;;INTARIAN_PEPPER_ROOT;XIRECS;12426;4
420300;;;INTARIAN_PEPPER_ROOT;XIRECS;12414;7
423300;;;INTARIAN_PEPPER_ROOT;XIRECS;12417;6
424700;;;ASH_COATED_OSMIUM;XIRECS;9990;6
424900;;;INTARIAN_PEPPER_ROOT;XIRECS;12432;7
425200;;;ASH_COATED_OSMIUM;XIRECS;10006;6
425800;;;ASH_COATED_OSMIUM;XIRECS;9990;7
427600;;;INTARIAN_PEPPER_ROOT;XIRECS;12421;7
430100;;;ASH_COATED_OSMIUM;XIRECS;10007;4
432100;;;INTARIAN_PEPPER_ROOT;XIRECS;12428;8
432800;;;ASH_COATED_OSMIUM;XIRECS;9991;6
433700;;;ASH_COATED_OSMIUM;XIRECS;9990;6
435400;;;ASH_COATED_OSMIUM;XIRECS;9989;3
436100;;;INTARIAN_PEPPER_ROOT;XIRECS;12439;5
437600;;;INTARIAN_PEPPER_ROOT;XIRECS;12428;3
439100;;;ASH_COATED_OSMIUM;XIRECS;10008;5
439800;;;ASH_COATED_OSMIUM;XIRECS;10011;7
440300;;;ASH_COATED_OSMIUM;XIRECS;10008;3
440700;;;ASH_COATED_OSMIUM;XIRECS;9991;2
440800;;;INTARIAN_PEPPER_ROOT;XIRECS;12434;4
442100;;;ASH_COATED_OSMIUM;XIRECS;10003;4
442700;;;ASH_COATED_OSMIUM;XIRECS;10010;6
443000;;;ASH_COATED_OSMIUM;XIRECS;10010;4
444200;;;ASH_COATED_OSMIUM;XIRECS;10010;10
445000;;;ASH_COATED_OSMIUM;XIRECS;10010;8
447800;;;INTARIAN_PEPPER_ROOT;XIRECS;12455;5
449100;;;ASH_COATED_OSMIUM;XIRECS;9995;8
450800;;;ASH_COATED_OSMIUM;XIRECS;10001;3
451800;;;ASH_COATED_OSMIUM;XIRECS;9996;5
452300;;;ASH_COATED_OSMIUM;XIRECS;10012;7
453000;;;INTARIAN_PEPPER_ROOT;XIRECS;12456;3
453400;;;ASH_COATED_OSMIUM;XIRECS;9998;6
453700;;;ASH_COATED_OSMIUM;XIRECS;10008;3
453800;;;INTARIAN_PEPPER_ROOT;XIRECS;12450;7
456000;;;ASH_COATED_OSMIUM;XIRECS;10015;4
456100;;;INTARIAN_PEPPER_ROOT;XIRECS;12446;6
457000;;;INTARIAN_PEPPER_ROOT;XIRECS;12447;6
457600;;;INTARIAN_PEPPER_ROOT;XIRECS;12461;3
458400;;;ASH_COATED_OSMIUM;XIRECS;10014;6
458700;;;INTARIAN_PEPPER_ROOT;XIRECS;12469;7
459600;;;INTARIAN_PEPPER_ROOT;XIRECS;12453;6
461900;;;INTARIAN_PEPPER_ROOT;XIRECS;12469;5
463900;;;ASH_COATED_OSMIUM;XIRECS;10013;6
464300;;;INTARIAN_PEPPER_ROOT;XIRECS;12471;3
465500;;;ASH_COATED_OSMIUM;XIRECS;10013;6
466000;;;INTARIAN_PEPPER_ROOT;XIRECS;12462;3
467300;;;INTARIAN_PEPPER_ROOT;XIRECS;12461;3
467800;;;ASH_COATED_OSMIUM;XIRECS;10007;2
467800;;;ASH_COATED_OSMIUM;XIRECS;10014;5
468100;;;ASH_COATED_OSMIUM;XIRECS;9995;8
469000;;;INTARIAN_PEPPER_ROOT;XIRECS;12462;6
471900;;;ASH_COATED_OSMIUM;XIRECS;10014;6
472200;;;ASH_COATED_OSMIUM;XIRECS;9997;3
473000;;;INTARIAN_PEPPER_ROOT;XIRECS;12476;4
473600;;;INTARIAN_PEPPER_ROOT;XIRECS;12467;5
474000;;;INTARIAN_PEPPER_ROOT;XIRECS;12477;5
476400;;;ASH_COATED_OSMIUM;XIRECS;10008;5
477200;;;ASH_COATED_OSMIUM;XIRECS;9991;6
477600;;;INTARIAN_PEPPER_ROOT;XIRECS;12484;5
478500;;;ASH_COATED_OSMIUM;XIRECS;9991;3
478600;;;ASH_COATED_OSMIUM;XIRECS;9991;6
479600;;;ASH_COATED_OSMIUM;XIRECS;9991;2
482100;;;INTARIAN_PEPPER_ROOT;XIRECS;12475;5
482600;;;ASH_COATED_OSMIUM;XIRECS;9989;5
482700;;;ASH_COATED_OSMIUM;XIRECS;9989;5
487200;;;ASH_COATED_OSMIUM;XIRECS;10008;3
487500;;;ASH_COATED_OSMIUM;XIRECS;9990;4
487700;;;ASH_COATED_OSMIUM;XIRECS;9990;5
489400;;;INTARIAN_PEPPER_ROOT;XIRECS;12483;3
489700;;;ASH_COATED_OSMIUM;XIRECS;10013;7
490300;;;INTARIAN_PEPPER_ROOT;XIRECS;12484;5
493800;;;INTARIAN_PEPPER_ROOT;XIRECS;12487;4
494300;;;ASH_COATED_OSMIUM;XIRECS;10010;3
495800;;;INTARIAN_PEPPER_ROOT;XIRECS;12489;4
498900;;;ASH_COATED_OSMIUM;XIRECS;9992;8
500000;;;ASH_COATED_OSMIUM;XIRECS;9990;4
500000;;;INTARIAN_PEPPER_ROOT;XIRECS;12503;3
501300;;;INTARIAN_PEPPER_ROOT;XIRECS;12505;7
502100;;;ASH_COATED_OSMIUM;XIRECS;9991;4
502700;;;ASH_COATED_OSMIUM;XIRECS;10007;2
503100;;;ASH_COATED_OSMIUM;XIRECS;9996;3
503300;;;INTARIAN_PEPPER_ROOT;XIRECS;12497;6
507800;;;INTARIAN_PEPPER_ROOT;XIRECS;12501;3
509700;;;INTARIAN_PEPPER_ROOT;XIRECS;12503;7
511000;;;ASH_COATED_OSMIUM;XIRECS;9997;4
511700;;;ASH_COATED_OSMIUM;XIRECS;10014;6
512500;;;ASH_COATED_OSMIUM;XIRECS;10014;4
512800;;;ASH_COATED_OSMIUM;XIRECS;9996;7
512800;;;INTARIAN_PEPPER_ROOT;XIRECS;12520;5
514300;;;ASH_COATED_OSMIUM;XIRECS;9995;5
516100;;;ASH_COATED_OSMIUM;XIRECS;10013;5
517200;;;ASH_COATED_OSMIUM;XIRECS;10012;5
519200;;;INTARIAN_PEPPER_ROOT;XIRECS;12526;7
520100;;;ASH_COATED_OSMIUM;XIRECS;10015;6
520700;;;INTARIAN_PEPPER_ROOT;XIRECS;12514;5
521600;;;INTARIAN_PEPPER_ROOT;XIRECS;12515;5
521800;;;ASH_COATED_OSMIUM;XIRECS;9996;4
522500;;;ASH_COATED_OSMIUM;XIRECS;10008;5
525700;;;ASH_COATED_OSMIUM;XIRECS;9997;4
531600;;;INTARIAN_PEPPER_ROOT;XIRECS;12525;4
532300;;;ASH_COATED_OSMIUM;XIRECS;9998;3
536100;;;ASH_COATED_OSMIUM;XIRECS;10003;6
536700;;;INTARIAN_PEPPER_ROOT;XIRECS;12543;3
537200;;;ASH_COATED_OSMIUM;XIRECS;10019;3
539900;;;INTARIAN_PEPPER_ROOT;XIRECS;12533;6
540100;;;ASH_COATED_OSMIUM;XIRECS;10020;2
544700;;;INTARIAN_PEPPER_ROOT;XIRECS;12548;8
545100;;;INTARIAN_PEPPER_ROOT;XIRECS;12552;7
547300;;;ASH_COATED_OSMIUM;XIRECS;10005;9
552900;;;ASH_COATED_OSMIUM;XIRECS;10005;10
554400;;;ASH_COATED_OSMIUM;XIRECS;10004;10
555700;;;INTARIAN_PEPPER_ROOT;XIRECS;12551;7
556000;;;INTARIAN_PEPPER_ROOT;XIRECS;12549;3
556700;;;ASH_COATED_OSMIUM;XIRECS;10005;2
556700;;;INTARIAN_PEPPER_ROOT;XIRECS;12552;8
556800;;;INTARIAN_PEPPER_ROOT;XIRECS;12564;3
557700;;;ASH_COATED_OSMIUM;XIRECS;10003;8
560300;;;ASH_COATED_OSMIUM;XIRECS;10019;6
561300;;;INTARIAN_PEPPER_ROOT;XIRECS;12557;3
563700;;;ASH_COATED_OSMIUM;XIRECS;10016;3
564900;;;INTARIAN_PEPPER_ROOT;XIRECS;12561;6
566100;;;INTARIAN_PEPPER_ROOT;XIRECS;12562;3
566600;;;ASH_COATED_OSMIUM;XIRECS;10018;7
566700;;;INTARIAN_PEPPER_ROOT;XIRECS;12560;3
567300;;;ASH_COATED_OSMIUM;XIRECS;10002;10
570000;;;INTARIAN_PEPPER_ROOT;XIRECS;12577;5
573000;;;ASH_COATED_OSMIUM;XIRECS;10016;3
573500;;;INTARIAN_PEPPER_ROOT;XIRECS;12569;5
574000;;;ASH_COATED_OSMIUM;XIRECS;10001;2
574100;;;ASH_COATED_OSMIUM;XIRECS;10017;5
574300;;;ASH_COATED_OSMIUM;XIRECS;10001;3
579600;;;INTARIAN_PEPPER_ROOT;XIRECS;12590;7
579800;;;INTARIAN_PEPPER_ROOT;XIRECS;12587;7
580300;;;INTARIAN_PEPPER_ROOT;XIRECS;12574;7
582300;;;INTARIAN_PEPPER_ROOT;XIRECS;12576;5
583900;;;ASH_COATED_OSMIUM;XIRECS;10014;7
584000;;;ASH_COATED_OSMIUM;XIRECS;10013;8
584400;;;INTARIAN_PEPPER_ROOT;XIRECS;12591;4
585300;;;INTARIAN_PEPPER_ROOT;XIRECS;12579;5
590100;;;ASH_COATED_OSMIUM;XIRECS;10012;3
590400;;;INTARIAN_PEPPER_ROOT;XIRECS;12600;3
593800;;;INTARIAN_PEPPER_ROOT;XIRECS;12601;3
594800;;;ASH_COATED_OSMIUM;XIRECS;10013;2
600500;;;INTARIAN_PEPPER_ROOT;XIRECS;12594;6
600600;;;ASH_COATED_OSMIUM;XIRECS;9993;6
602900;;;ASH_COATED_OSMIUM;XIRECS;10002;2
605900;;;INTARIAN_PEPPER_ROOT;XIRECS;12599;3
607200;;;ASH_COATED_OSMIUM;XIRECS;9996;3
607600;;;ASH_COATED_OSMIUM;XIRECS;10012;5
610500;;;INTARIAN_PEPPER_ROOT;XIRECS;12604;5
611400;;;ASH_COATED_OSMIUM;XIRECS;9993;6
611700;;;ASH_COATED_OSMIUM;XIRECS;9993;5
612000;;;ASH_COATED_OSMIUM;XIRECS;10001;2
612300;;;INTARIAN_PEPPER_ROOT;XIRECS;12608;8
615600;;;ASH_COATED_OSMIUM;XIRECS;10009;5
619500;;;INTARIAN_PEPPER_ROOT;XIRECS;12626;7
620700;;;ASH_COATED_OSMIUM;XIRECS;10011;8
622700;;;ASH_COATED_OSMIUM;XIRECS;10016;4
623400;;;INTARIAN_PEPPER_ROOT;XIRECS;12633;6
624500;;;ASH_COATED_OSMIUM;XIRECS;9995;6
628900;;;ASH_COATED_OSMIUM;XIRECS;10008;6
629200;;;INTARIAN_PEPPER_ROOT;XIRECS;12622;4
631100;;;INTARIAN_PEPPER_ROOT;XIRECS;12624;6
632100;;;ASH_COATED_OSMIUM;XIRECS;10009;5
634000;;;ASH_COATED_OSMIUM;XIRECS;9995;2
634400;;;INTARIAN_PEPPER_ROOT;XIRECS;12638;5
634500;;;INTARIAN_PEPPER_ROOT;XIRECS;12644;6
636500;;;INTARIAN_PEPPER_ROOT;XIRECS;12630;5
637100;;;INTARIAN_PEPPER_ROOT;XIRECS;12647;6
639000;;;INTARIAN_PEPPER_ROOT;XIRECS;12646;4
639100;;;ASH_COATED_OSMIUM;XIRECS;10012;8
639300;;;INTARIAN_PEPPER_ROOT;XIRECS;12632;3
640000;;;INTARIAN_PEPPER_ROOT;XIRECS;12633;4
640200;;;INTARIAN_PEPPER_ROOT;XIRECS;12647;6
640400;;;ASH_COATED_OSMIUM;XIRECS;9996;4
641500;;;INTARIAN_PEPPER_ROOT;XIRECS;12645;5
641800;;;ASH_COATED_OSMIUM;XIRECS;10012;5
642300;;;INTARIAN_PEPPER_ROOT;XIRECS;12652;4
642700;;;ASH_COATED_OSMIUM;XIRECS;10015;6
643100;;;INTARIAN_PEPPER_ROOT;XIRECS;12636;5
644100;;;ASH_COATED_OSMIUM;XIRECS;10011;6
645400;;;ASH_COATED_OSMIUM;XIRECS;9995;2
645700;;;ASH_COATED_OSMIUM;XIRECS;10011;8
646000;;;INTARIAN_PEPPER_ROOT;XIRECS;12653;4
647300;;;ASH_COATED_OSMIUM;XIRECS;10014;5
650200;;;INTARIAN_PEPPER_ROOT;XIRECS;12653;6
650400;;;ASH_COATED_OSMIUM;XIRECS;9993;4
653200;;;INTARIAN_PEPPER_ROOT;XIRECS;12663;6
653900;;;ASH_COATED_OSMIUM;XIRECS;9991;6
654800;;;ASH_COATED_OSMIUM;XIRECS;9991;6
655900;;;ASH_COATED_OSMIUM;XIRECS;9991;3
656600;;;INTARIAN_PEPPER_ROOT;XIRECS;12663;6
656900;;;ASH_COATED_OSMIUM;XIRECS;9990;10
658000;;;ASH_COATED_OSMIUM;XIRECS;9991;3
658300;;;ASH_COATED_OSMIUM;XIRECS;10006;2
658400;;;ASH_COATED_OSMIUM;XIRECS;10006;9
660200;;;ASH_COATED_OSMIUM;XIRECS;10003;4
660600;;;INTARIAN_PEPPER_ROOT;XIRECS;12654;3
666100;;;INTARIAN_PEPPER_ROOT;XIRECS;12676;4
666400;;;ASH_COATED_OSMIUM;XIRECS;9982;4
666800;;;ASH_COATED_OSMIUM;XIRECS;9981;5
668000;;;ASH_COATED_OSMIUM;XIRECS;10000;2
668400;;;INTARIAN_PEPPER_ROOT;XIRECS;12675;4
670000;;;INTARIAN_PEPPER_ROOT;XIRECS;12677;7
672400;;;INTARIAN_PEPPER_ROOT;XIRECS;12662;3
673600;;;ASH_COATED_OSMIUM;XIRECS;9990;10
673600;;;INTARIAN_PEPPER_ROOT;XIRECS;12677;6
676800;;;ASH_COATED_OSMIUM;XIRECS;9987;4
677100;;;ASH_COATED_OSMIUM;XIRECS;9985;2
677700;;;INTARIAN_PEPPER_ROOT;XIRECS;12671;4
678000;;;INTARIAN_PEPPER_ROOT;XIRECS;12671;3
679200;;;ASH_COATED_OSMIUM;XIRECS;10002;5
681200;;;ASH_COATED_OSMIUM;XIRECS;10002;9
681900;;;ASH_COATED_OSMIUM;XIRECS;9992;3
681900;;;INTARIAN_PEPPER_ROOT;XIRECS;12689;7
682900;;;ASH_COATED_OSMIUM;XIRECS;10003;4
683100;;;INTARIAN_PEPPER_ROOT;XIRECS;12690;4
685400;;;ASH_COATED_OSMIUM;XIRECS;10001;7
687500;;;INTARIAN_PEPPER_ROOT;XIRECS;12681;4
687700;;;INTARIAN_PEPPER_ROOT;XIRECS;12683;7
688200;;;INTARIAN_PEPPER_ROOT;XIRECS;12698;3
689500;;;ASH_COATED_OSMIUM;XIRECS;10002;6
690100;;;INTARIAN_PEPPER_ROOT;XIRECS;12700;6
690300;;;ASH_COATED_OSMIUM;XIRECS;9984;5
690400;;;INTARIAN_PEPPER_ROOT;XIRECS;12680;3
690500;;;INTARIAN_PEPPER_ROOT;XIRECS;12697;3
690600;;;INTARIAN_PEPPER_ROOT;XIRECS;12694;5
690800;;;ASH_COATED_OSMIUM;XIRECS;9983;4
691800;;;INTARIAN_PEPPER_ROOT;XIRECS;12685;7
692200;;;INTARIAN_PEPPER_ROOT;XIRECS;12682;4
699700;;;ASH_COATED_OSMIUM;XIRECS;9990;4
699900;;;ASH_COATED_OSMIUM;XIRECS;9997;6
700300;;;ASH_COATED_OSMIUM;XIRECS;9997;6
700400;;;ASH_COATED_OSMIUM;XIRECS;9981;3
701000;;;INTARIAN_PEPPER_ROOT;XIRECS;12697;4
702100;;;INTARIAN_PEPPER_ROOT;XIRECS;12709;7
703000;;;INTARIAN_PEPPER_ROOT;XIRECS;12696;5
703100;;;ASH_COATED_OSMIUM;XIRECS;9983;4
703900;;;ASH_COATED_OSMIUM;XIRECS;9984;2
705400;;;ASH_COATED_OSMIUM;XIRECS;9984;7
707800;;;ASH_COATED_OSMIUM;XIRECS;9982;5
708700;;;ASH_COATED_OSMIUM;XIRECS;9982;6
708800;;;INTARIAN_PEPPER_ROOT;XIRECS;12716;4
710200;;;ASH_COATED_OSMIUM;XIRECS;10000;8
712100;;;ASH_COATED_OSMIUM;XIRECS;9997;5
714900;;;ASH_COATED_OSMIUM;XIRECS;9985;5
717400;;;INTARIAN_PEPPER_ROOT;XIRECS;12724;4
720400;;;ASH_COATED_OSMIUM;XIRECS;9996;4
722300;;;INTARIAN_PEPPER_ROOT;XIRECS;12726;4
723100;;;ASH_COATED_OSMIUM;XIRECS;9979;6
724700;;;INTARIAN_PEPPER_ROOT;XIRECS;12732;4
725700;;;ASH_COATED_OSMIUM;XIRECS;9980;8
726200;;;ASH_COATED_OSMIUM;XIRECS;9981;5
727400;;;INTARIAN_PEPPER_ROOT;XIRECS;12734;6
727600;;;INTARIAN_PEPPER_ROOT;XIRECS;12734;3
728600;;;INTARIAN_PEPPER_ROOT;XIRECS;12722;5
729100;;;ASH_COATED_OSMIUM;XIRECS;9999;8
729300;;;ASH_COATED_OSMIUM;XIRECS;9984;5
730400;;;ASH_COATED_OSMIUM;XIRECS;9999;6
730500;;;ASH_COATED_OSMIUM;XIRECS;9980;5
731200;;;ASH_COATED_OSMIUM;XIRECS;9999;9
733700;;;INTARIAN_PEPPER_ROOT;XIRECS;12744;3
734800;;;ASH_COATED_OSMIUM;XIRECS;10001;5
734900;;;ASH_COATED_OSMIUM;XIRECS;9985;5
736500;;;ASH_COATED_OSMIUM;XIRECS;9999;5
737500;;;INTARIAN_PEPPER_ROOT;XIRECS;12741;3
739200;;;ASH_COATED_OSMIUM;XIRECS;9999;6
739500;;;ASH_COATED_OSMIUM;XIRECS;9981;10
742000;;;ASH_COATED_OSMIUM;XIRECS;10000;5
742000;;;INTARIAN_PEPPER_ROOT;XIRECS;12738;8
743500;;;ASH_COATED_OSMIUM;XIRECS;9984;4
745200;;;ASH_COATED_OSMIUM;XIRECS;9985;6
745700;;;ASH_COATED_OSMIUM;XIRECS;9985;4
746100;;;ASH_COATED_OSMIUM;XIRECS;10001;8
750200;;;ASH_COATED_OSMIUM;XIRECS;9995;4
751900;;;ASH_COATED_OSMIUM;XIRECS;10005;4
753100;;;INTARIAN_PEPPER_ROOT;XIRECS;12760;7
753700;;;ASH_COATED_OSMIUM;XIRECS;9998;3
754000;;;ASH_COATED_OSMIUM;XIRECS;10005;5
755500;;;ASH_COATED_OSMIUM;XIRECS;10005;4
755700;;;INTARIAN_PEPPER_ROOT;XIRECS;12749;7
755900;;;INTARIAN_PEPPER_ROOT;XIRECS;12766;3
756200;;;ASH_COATED_OSMIUM;XIRECS;9989;6
756600;;;ASH_COATED_OSMIUM;XIRECS;9990;9
756900;;;ASH_COATED_OSMIUM;XIRECS;9990;5
757200;;;ASH_COATED_OSMIUM;XIRECS;9990;9
758300;;;ASH_COATED_OSMIUM;XIRECS;9988;6
761800;;;INTARIAN_PEPPER_ROOT;XIRECS;12757;7
763200;;;INTARIAN_PEPPER_ROOT;XIRECS;12770;4
763700;;;ASH_COATED_OSMIUM;XIRECS;9987;6
763800;;;INTARIAN_PEPPER_ROOT;XIRECS;12771;6
763900;;;ASH_COATED_OSMIUM;XIRECS;9989;8
764500;;;INTARIAN_PEPPER_ROOT;XIRECS;12758;5
766000;;;INTARIAN_PEPPER_ROOT;XIRECS;12769;4
767000;;;ASH_COATED_OSMIUM;XIRECS;10006;9
770300;;;INTARIAN_PEPPER_ROOT;XIRECS;12763;4
775000;;;ASH_COATED_OSMIUM;XIRECS;9996;4
775500;;;INTARIAN_PEPPER_ROOT;XIRECS;12779;7
777000;;;INTARIAN_PEPPER_ROOT;XIRECS;12770;6
777200;;;ASH_COATED_OSMIUM;XIRECS;10007;10
777200;;;INTARIAN_PEPPER_ROOT;XIRECS;12767;5
779900;;;ASH_COATED_OSMIUM;XIRECS;10005;2
782500;;;ASH_COATED_OSMIUM;XIRECS;10008;7
785300;;;INTARIAN_PEPPER_ROOT;XIRECS;12775;3
787000;;;INTARIAN_PEPPER_ROOT;XIRECS;12790;6
787500;;;INTARIAN_PEPPER_ROOT;XIRECS;12777;4
788000;;;ASH_COATED_OSMIUM;XIRECS;10008;5
789500;;;ASH_COATED_OSMIUM;XIRECS;9989;2
791700;;;ASH_COATED_OSMIUM;XIRECS;9989;5
792300;;;ASH_COATED_OSMIUM;XIRECS;10005;10
793700;;;ASH_COATED_OSMIUM;XIRECS;10005;10
793900;;;INTARIAN_PEPPER_ROOT;XIRECS;12801;4
796100;;;INTARIAN_PEPPER_ROOT;XIRECS;12799;5
796300;;;ASH_COATED_OSMIUM;XIRECS;9987;4
796500;;;INTARIAN_PEPPER_ROOT;XIRECS;12790;5
796600;;;INTARIAN_PEPPER_ROOT;XIRECS;12800;7
798600;;;INTARIAN_PEPPER_ROOT;XIRECS;12805;5
802000;;;ASH_COATED_OSMIUM;XIRECS;9997;5
802400;;;ASH_COATED_OSMIUM;XIRECS;9994;3
803100;;;ASH_COATED_OSMIUM;XIRECS;10006;5
805000;;;ASH_COATED_OSMIUM;XIRECS;10006;6
805800;;;ASH_COATED_OSMIUM;XIRECS;9991;2
806300;;;INTARIAN_PEPPER_ROOT;XIRECS;12799;7
806400;;;INTARIAN_PEPPER_ROOT;XIRECS;12817;3
810500;;;ASH_COATED_OSMIUM;XIRECS;10014;2
811900;;;INTARIAN_PEPPER_ROOT;XIRECS;12802;6
813200;;;INTARIAN_PEPPER_ROOT;XIRECS;12803;3
815400;;;ASH_COATED_OSMIUM;XIRECS;10010;4
815900;;;INTARIAN_PEPPER_ROOT;XIRECS;12819;3
821100;;;ASH_COATED_OSMIUM;XIRECS;10011;8
823200;;;ASH_COATED_OSMIUM;XIRECS;10004;5
823500;;;INTARIAN_PEPPER_ROOT;XIRECS;12827;8
825200;;;INTARIAN_PEPPER_ROOT;XIRECS;12829;4
825700;;;INTARIAN_PEPPER_ROOT;XIRECS;12829;6
829800;;;INTARIAN_PEPPER_ROOT;XIRECS;12820;7
832700;;;ASH_COATED_OSMIUM;XIRECS;9997;5
833300;;;INTARIAN_PEPPER_ROOT;XIRECS;12823;7
833400;;;INTARIAN_PEPPER_ROOT;XIRECS;12823;3
835700;;;ASH_COATED_OSMIUM;XIRECS;10016;8
836800;;;ASH_COATED_OSMIUM;XIRECS;9999;7
837300;;;INTARIAN_PEPPER_ROOT;XIRECS;12844;3
839500;;;ASH_COATED_OSMIUM;XIRECS;10015;4
839500;;;INTARIAN_PEPPER_ROOT;XIRECS;12846;6
840900;;;INTARIAN_PEPPER_ROOT;XIRECS;12837;8
841500;;;ASH_COATED_OSMIUM;XIRECS;9996;6
842800;;;ASH_COATED_OSMIUM;XIRECS;10013;5
842900;;;INTARIAN_PEPPER_ROOT;XIRECS;12836;3
843100;;;ASH_COATED_OSMIUM;XIRECS;9997;5
843200;;;ASH_COATED_OSMIUM;XIRECS;9997;4
844300;;;INTARIAN_PEPPER_ROOT;XIRECS;12848;7
844800;;;INTARIAN_PEPPER_ROOT;XIRECS;12840;5
845100;;;ASH_COATED_OSMIUM;XIRECS;10013;3
845400;;;ASH_COATED_OSMIUM;XIRECS;10013;3
845400;;;INTARIAN_PEPPER_ROOT;XIRECS;12841;7
846200;;;INTARIAN_PEPPER_ROOT;XIRECS;12839;4
846700;;;ASH_COATED_OSMIUM;XIRECS;10016;2
846700;;;INTARIAN_PEPPER_ROOT;XIRECS;12857;6
847200;;;INTARIAN_PEPPER_ROOT;XIRECS;12854;5
847500;;;ASH_COATED_OSMIUM;XIRECS;10014;8
847800;;;ASH_COATED_OSMIUM;XIRECS;9998;7
848300;;;ASH_COATED_OSMIUM;XIRECS;9995;5
852100;;;ASH_COATED_OSMIUM;XIRECS;9999;3
852300;;;ASH_COATED_OSMIUM;XIRECS;9998;3
854300;;;INTARIAN_PEPPER_ROOT;XIRECS;12861;3
857700;;;INTARIAN_PEPPER_ROOT;XIRECS;12851;4
858500;;;INTARIAN_PEPPER_ROOT;XIRECS;12852;6
859500;;;ASH_COATED_OSMIUM;XIRECS;9992;4
861000;;;INTARIAN_PEPPER_ROOT;XIRECS;12857;4
861600;;;ASH_COATED_OSMIUM;XIRECS;9999;2
861900;;;INTARIAN_PEPPER_ROOT;XIRECS;12855;7
864800;;;ASH_COATED_OSMIUM;XIRECS;10006;8
865000;;;ASH_COATED_OSMIUM;XIRECS;9990;6
867600;;;ASH_COATED_OSMIUM;XIRECS;9991;3
870000;;;INTARIAN_PEPPER_ROOT;XIRECS;12880;7
870700;;;ASH_COATED_OSMIUM;XIRECS;10007;5
871300;;;ASH_COATED_OSMIUM;XIRECS;9990;2
871500;;;ASH_COATED_OSMIUM;XIRECS;10007;2
874000;;;ASH_COATED_OSMIUM;XIRECS;9992;5
875400;;;ASH_COATED_OSMIUM;XIRECS;9990;5
875800;;;INTARIAN_PEPPER_ROOT;XIRECS;12869;3
877900;;;ASH_COATED_OSMIUM;XIRECS;9991;7
878000;;;ASH_COATED_OSMIUM;XIRECS;10007;5
878000;;;INTARIAN_PEPPER_ROOT;XIRECS;12874;4
880600;;;ASH_COATED_OSMIUM;XIRECS;9992;4
881200;;;INTARIAN_PEPPER_ROOT;XIRECS;12885;4
883700;;;INTARIAN_PEPPER_ROOT;XIRECS;12877;5
886000;;;INTARIAN_PEPPER_ROOT;XIRECS;12889;3
887000;;;INTARIAN_PEPPER_ROOT;XIRECS;12890;4
887700;;;ASH_COATED_OSMIUM;XIRECS;10005;6
887900;;;INTARIAN_PEPPER_ROOT;XIRECS;12878;4
889300;;;INTARIAN_PEPPER_ROOT;XIRECS;12896;4
891200;;;INTARIAN_PEPPER_ROOT;XIRECS;12901;7
891400;;;INTARIAN_PEPPER_ROOT;XIRECS;12895;4
892900;;;ASH_COATED_OSMIUM;XIRECS;10006;8
893000;;;ASH_COATED_OSMIUM;XIRECS;9987;4
898100;;;INTARIAN_PEPPER_ROOT;XIRECS;12894;8
899200;;;ASH_COATED_OSMIUM;XIRECS;10011;5
899500;;;INTARIAN_PEPPER_ROOT;XIRECS;12906;6
901500;;;ASH_COATED_OSMIUM;XIRECS;10008;8
904500;;;ASH_COATED_OSMIUM;XIRECS;10011;3
904900;;;ASH_COATED_OSMIUM;XIRECS;9992;4
905000;;;ASH_COATED_OSMIUM;XIRECS;9995;10
905100;;;INTARIAN_PEPPER_ROOT;XIRECS;12912;5
905700;;;ASH_COATED_OSMIUM;XIRECS;10014;5
907600;;;INTARIAN_PEPPER_ROOT;XIRECS;12915;6
907700;;;INTARIAN_PEPPER_ROOT;XIRECS;12915;7
909200;;;ASH_COATED_OSMIUM;XIRECS;9998;4
909900;;;ASH_COATED_OSMIUM;XIRECS;10016;8
911000;;;ASH_COATED_OSMIUM;XIRECS;10016;2
911000;;;INTARIAN_PEPPER_ROOT;XIRECS;12904;5
912200;;;ASH_COATED_OSMIUM;XIRECS;10017;3
912600;;;INTARIAN_PEPPER_ROOT;XIRECS;12920;7
914900;;;INTARIAN_PEPPER_ROOT;XIRECS;12922;5
917900;;;ASH_COATED_OSMIUM;XIRECS;10018;5
918600;;;INTARIAN_PEPPER_ROOT;XIRECS;12926;7
918800;;;ASH_COATED_OSMIUM;XIRECS;9999;3
920500;;;ASH_COATED_OSMIUM;XIRECS;10019;3
920500;;;INTARIAN_PEPPER_ROOT;XIRECS;12927;4
921100;;;INTARIAN_PEPPER_ROOT;XIRECS;12928;5
921200;;;ASH_COATED_OSMIUM;XIRECS;10020;10
922700;;;INTARIAN_PEPPER_ROOT;XIRECS;12930;3
922800;;;INTARIAN_PEPPER_ROOT;XIRECS;12916;7
923300;;;ASH_COATED_OSMIUM;XIRECS;10001;3
923800;;;ASH_COATED_OSMIUM;XIRECS;10011;4
927200;;;INTARIAN_PEPPER_ROOT;XIRECS;12931;3
928100;;;ASH_COATED_OSMIUM;XIRECS;9998;3
928700;;;ASH_COATED_OSMIUM;XIRECS;9999;4
929300;;;ASH_COATED_OSMIUM;XIRECS;10014;2
930600;;;ASH_COATED_OSMIUM;XIRECS;9998;6
932600;;;ASH_COATED_OSMIUM;XIRECS;10016;10
933700;;;INTARIAN_PEPPER_ROOT;XIRECS;12941;6
933900;;;ASH_COATED_OSMIUM;XIRECS;10015;3
935900;;;ASH_COATED_OSMIUM;XIRECS;9999;8
936600;;;INTARIAN_PEPPER_ROOT;XIRECS;12932;8
938100;;;INTARIAN_PEPPER_ROOT;XIRECS;12931;6
938700;;;ASH_COATED_OSMIUM;XIRECS;10014;2
939200;;;ASH_COATED_OSMIUM;XIRECS;10014;6
939500;;;ASH_COATED_OSMIUM;XIRECS;10015;9
942700;;;INTARIAN_PEPPER_ROOT;XIRECS;12938;3
946100;;;ASH_COATED_OSMIUM;XIRECS;9995;10
947900;;;INTARIAN_PEPPER_ROOT;XIRECS;12944;5
948000;;;INTARIAN_PEPPER_ROOT;XIRECS;12941;6
948200;;;INTARIAN_PEPPER_ROOT;XIRECS;12958;6
948400;;;ASH_COATED_OSMIUM;XIRECS;10015;7
949200;;;ASH_COATED_OSMIUM;XIRECS;10015;2
949900;;;INTARIAN_PEPPER_ROOT;XIRECS;12957;4
956200;;;ASH_COATED_OSMIUM;XIRECS;10003;3
957400;;;INTARIAN_PEPPER_ROOT;XIRECS;12953;5
958100;;;INTARIAN_PEPPER_ROOT;XIRECS;12965;6
959100;;;INTARIAN_PEPPER_ROOT;XIRECS;12962;3
960000;;;ASH_COATED_OSMIUM;XIRECS;10002;4
964000;;;ASH_COATED_OSMIUM;XIRECS;10019;3
965000;;;INTARIAN_PEPPER_ROOT;XIRECS;12955;7
965600;;;INTARIAN_PEPPER_ROOT;XIRECS;12959;5
966200;;;INTARIAN_PEPPER_ROOT;XIRECS;12959;5
970000;;;INTARIAN_PEPPER_ROOT;XIRECS;12966;8
970900;;;ASH_COATED_OSMIUM;XIRECS;10018;5
973900;;;INTARIAN_PEPPER_ROOT;XIRECS;12984;5
974600;;;ASH_COATED_OSMIUM;XIRECS;10017;4
974600;;;INTARIAN_PEPPER_ROOT;XIRECS;12968;7
975100;;;ASH_COATED_OSMIUM;XIRECS;10000;2
975500;;;ASH_COATED_OSMIUM;XIRECS;10016;3
976500;;;ASH_COATED_OSMIUM;XIRECS;10000;6
976500;;;INTARIAN_PEPPER_ROOT;XIRECS;12983;5
976900;;;INTARIAN_PEPPER_ROOT;XIRECS;12984;3
977200;;;INTARIAN_PEPPER_ROOT;XIRECS;12973;5
978400;;;INTARIAN_PEPPER_ROOT;XIRECS;12985;6
980800;;;ASH_COATED_OSMIUM;XIRECS;10017;5
983000;;;INTARIAN_PEPPER_ROOT;XIRECS;12976;6
984100;;;ASH_COATED_OSMIUM;XIRECS;10018;4
985300;;;ASH_COATED_OSMIUM;XIRECS;9998;3
986200;;;ASH_COATED_OSMIUM;XIRECS;10017;3
986800;;;ASH_COATED_OSMIUM;XIRECS;9999;6
987100;;;ASH_COATED_OSMIUM;XIRECS;10016;6
987600;;;INTARIAN_PEPPER_ROOT;XIRECS;12981;3
988900;;;ASH_COATED_OSMIUM;XIRECS;9998;2
989900;;;INTARIAN_PEPPER_ROOT;XIRECS;12983;4
991100;;;INTARIAN_PEPPER_ROOT;XIRECS;12984;6
991400;;;ASH_COATED_OSMIUM;XIRECS;10002;9
993300;;;ASH_COATED_OSMIUM;XIRECS;10001;5
994400;;;INTARIAN_PEPPER_ROOT;XIRECS;12987;3
995200;;;ASH_COATED_OSMIUM;XIRECS;10016;6
